{"cameraMode":{"drawMode":0,"name":"Shaded","section":"Shading Mode"},"sceneLighting":true,"audioPlay":false,"sceneViewState":{"showFog":true,"showMaterialUpdate":false,"showSkybox":true,"showFlares":true,"showImageEffects":true,"showParticleSystems":true},"in2DMode":false,"pivot":{"x":-0.38030385971069338,"y":-1.1599979400634766,"z":13.731698989868164},"rotation":{"x":-0.11087862402200699,"y":0.6189400553703308,"z":-0.08875785768032074,"w":-0.7725902795791626},"size":162.22093200683595,"orthographic":true}