{"cameraMode":{"drawMode":0,"name":"Shaded","section":"Shading Mode"},"sceneLighting":false,"audioPlay":false,"sceneViewState":{"showFog":true,"showMaterialUpdate":false,"showSkybox":false,"showFlares":true,"showImageEffects":true,"showParticleSystems":true},"in2DMode":false,"pivot":{"x":-52.119998931884769,"y":64.52999877929688,"z":89.9800033569336},"rotation":{"x":-0.0913548469543457,"y":0.08399607241153717,"z":-0.007730728015303612,"w":-0.9922463893890381},"size":12.124975204467774,"orthographic":false}