{"cameraMode":{"drawMode":0,"name":"Shaded","section":"Shading Mode"},"sceneLighting":false,"audioPlay":false,"sceneViewState":{"showFog":true,"showMaterialUpdate":false,"showSkybox":false,"showFlares":true,"showImageEffects":true,"showParticleSystems":true},"in2DMode":false,"pivot":{"x":1063.010498046875,"y":563.4398193359375,"z":-40.972877502441409},"rotation":{"x":-0.0838850736618042,"y":0.022833941504359247,"z":-0.001913927961140871,"w":-0.9962867498397827},"size":22.0,"orthographic":true}