{"cameraMode":{"drawMode":0,"name":"Shaded","section":"Shading Mode"},"sceneLighting":true,"audioPlay":false,"sceneViewState":{"showFog":true,"showMaterialUpdate":false,"showSkybox":true,"showFlares":true,"showImageEffects":true,"showParticleSystems":true},"in2DMode":false,"pivot":{"x":-45.694091796875,"y":11.80810546875,"z":-138.734375},"rotation":{"x":-0.038646019995212558,"y":-0.13111159205436707,"z":0.005184630863368511,"w":-0.9906585216522217},"size":32.14661407470703,"orthographic":true}