{"cameraMode":{"drawMode":0,"name":"Shaded","section":"Shading Mode"},"sceneLighting":false,"audioPlay":false,"sceneViewState":{"showFog":true,"showMaterialUpdate":false,"showSkybox":false,"showFlares":true,"showImageEffects":true,"showParticleSystems":true},"in2DMode":false,"pivot":{"x":7.619543075561523,"y":5.6635236740112309,"z":18.44306182861328},"rotation":{"x":-0.11217194050550461,"y":0.0406314954161644,"z":-0.004579531028866768,"w":-0.9928689002990723},"size":29.422876358032228,"orthographic":false}