{"cameraMode":{"drawMode":0,"name":"Shaded","section":"Shading Mode"},"sceneLighting":false,"audioPlay":false,"sceneViewState":{"showFog":true,"showMaterialUpdate":false,"showSkybox":false,"showFlares":true,"showImageEffects":true,"showParticleSystems":true},"in2DMode":false,"pivot":{"x":0.8849992752075195,"y":-0.8600001335144043,"z":13.440000534057618},"rotation":{"x":-0.11986887454986572,"y":0.2593136131763458,"z":-0.03244198486208916,"w":-0.9577988982200623},"size":56.399986267089847,"orthographic":false}